48734373,0.466053,121.,2432 points,,https://thereallo.dev/blog/claude-code-prompt-steganography
48750402,0.437707,122.,60 points,,https://try.piecesof.me/
48738244,0.508449,123.,24 points,,https://morethanmoore.substack.com/p/q-and-a-with-microns-vp-and-gm-of
48667568,0.455036,124.,88 points,,https://petapixel.com/2026/06/24/a-special-wireless-free-nikon-camera-is-publicly-available-for-the-first-time/
48763246,1.012428,125.,69 points,,https://zk.golf/
48763222,1.193489,126.,71 points,,https://kendal.codeberg.page/inkwell/
48728334,1.526951,127.,7 points,,https://www.theideasletter.org/essay/closer-to-rude-than-snide/
48759870,3.476784,128.,375 points,,https://mathstodon.xyz/@mjd/115096720350507897
48745118,1.722062,129.,54 points,,https://engineering.zalando.com/posts/2026/06/client-side-load-balancing.html?v=2](https://engineering.zalando.com/posts/2026/06/client-side-load-balancing.html
48767347,1.494315,130.,939 points,,https://www.hunton.com/privacy-and-cybersecurity-law-blog/virginia-bans-sale-of-geolocation-data
48778971,1.111229,131.,16 points,,https://github.com/afspies/ClawdMoji
48732860,0.536943,132.,175 points,,https://www.science.org/content/article/how-do-wombats-poop-cubes-scientists-get-bottom-mystery
48761229,1.23005,133.,490 points,,https://www.thebignewsletter.com/p/crime-pays-the-egg-bandits-made-a
48774704,1.378766,134.,89 points,,https://www.theregister.com/security/2026/07/02/hackers-shoveled-snow-for-company-were-rewarded-with-network-admin-access/5265240
48756602,0.562438,135.,415 points,,https://github.blog/changelog/2026-07-01-kimi-k2-7-is-now-available-in-github-copilot/
48765830,0.935225,136.,68 points,,https://openjdk.org/jeps/539
48714884,0.874219,137.,140 points,,https://fabiensanglard.net/keyboards/index.html
48739984,2.286808,138.,6 points,,https://dles.gg/reviews/nerdle
48780952,4.084136,139.,15 points,,https://techcrunch.com/2026/07/02/us-government-says-it-got-hacked-again/
48724127,0.556208,140.,109 points,,https://www.mixedbread.com/blog/asymmetric-quant
48753715,1.659875,141.,505 points,,https://zcode.z.ai/en
48741748,1.472032,142.,297 points,,https://blog.arxiv.org/2026/06/30/arxivs-next-chapter/
48745456,1.175849,143.,781 points,,https://blog.playstation.com/2026/07/01/physical-disc-production-ending-in-january-2028-for-new-games-releasing-on-playstation-consoles/
48779750,1.222505,144.,9 points,,https://howclankerareyou.com/
48768374,2.356503,145.,41 points,,https://krebsonsecurity.com/2026/07/fbi-seizes-netnut-proxy-platform-popa-botnet/
48777962,1.629507,146.,5 points,,https://hachipoo.com/dockside-app
48704289,3.109735,147.,414 points,,https://karolina.mgdubiel.com/drone/
48710537,1.116718,148.,85 points,,https://bednars.me/blog/winpe-harness
48762038,2.808467,149.,90 points,,https://github.com/rafal-qa/slopo
48775499,0.356092,150.,74 points,,https://www.science.org/content/article/instead-banning-ai-i-made-classroom-contract-my-students
48750989,0.107238,241.,232 points,,https://www.weaverobotics.com/isaac-1
48753979,0.723589,242.,230 points,,https://blog.google/innovation-and-ai/technology/safety-security/opening-up-zero-knowledge-proof-technology-to-promote-privacy-in-age-assurance/
48748182,1.002019,243.,52 points,,https://golemui.com
48750373,0.653677,244.,74 points,,https://www.researchgate.net/publication/353058947_Global_regional_and_national_burden_of_mortality_associated_with_non-optimal_ambient_temperatures_from_2000_to_2019_a_three-stage_modelling_study
48728599,1.082437,245.,97 points,,https://marcin.juszkiewicz.com.pl/2026/06/26/the-end-of-the-aarch64-desktop-experiment/
48775562,2.019171,246.,17 points,How many failed startups have you launched?,https://news.ycombinator.com/item?id=48775562
48754155,3.488057,247.,150 points,,https://news.cuanschutz.edu/news-stories/healthy-but-sedentary-individuals-show-early-decline-in-cellular-energy-production
48777130,1.421035,248.,14 points,,https://www.cnbc.com/2026/07/02/tesla-tsla-q2-2026-vehicle-delivery-production.html
48720186,1.294929,249.,215 points,,https://github.com/LinuxMD/linuxmd
48710770,0.80655,250.,122 points,,https://verdagon.dev/blog/ante-blending-borrowing-rc
48768997,2.205776,251.,152 points,,https://forms.cloud.microsoft/pages/responsepage.aspx?id=v4j5cvGGr0GRqy180BHbR6G-c11n8yFDlQmk4B-QjDxUQkdTTjZLU0EyTFFRV1E3NVRTVTRTWjRHMy4u&route=shorturl
48773907,0.787666,252.,35 points,,https://www.theverge.com/science/960563/amazon-leo-service-tipping-point
48744606,1.014804,253.,294 points,,https://easyoptouts.com/guides/apple-hide-my-email-is-leaking-email-addresses
48683098,0.77675,254.,673 points,,https://opensourcelowtech.org/
48768421,1.201069,255.,16 points,,https://geospoof.com/
48779844,1.127291,256.,9 points,,https://www.notebookcheck.net/Camera-with-transparent-display-launches-for-the-equivalent-of-29.1334495.0.html
48778143,2.18262,257.,12 points,,https://twitter.com/l3d1c/status/2073004611632353575
48739466,1.210114,258.,188 points,,https://ai.meta.com/blog/brain2qwerty-brain-ai-human-communication/?_fb_noscript=1
48702917,1.224411,259.,105 points,,https://louwrentius.com/i-build-a-10-inch-mini-rack-from-aluminium-extrusions.html
48763856,0.762658,260.,45 points,,https://github.com/nooga/legmacs
48773652,0.73694,261.,61 points,,https://www.swiftsilentdeadly.com/blog/gun-mistakes-in-fiction-writing-handgun-edition
48665958,1.735745,262.,151 points,,https://nickcarr.com/scouting-a-decommissioned-nuclear-power-plant/
48780540,0.841939,263.,5 points,,https://www.bloomberg.com/news/articles/2026-07-03/the-ai-trade-is-losing-one-of-its-key-signals-taking-stock
48770647,0.695611,264.,529 points,,https://stefan.schueller.net/posts/the-free-market-lie/
48778345,3.141376,265.,6 points,"Tell HN: Fewer PRs done with proper prompting, review, and refinement wins",https://news.ycombinator.com/item?id=48778345
48747975,2.715275,266.,146 points,Ask HN: Who wants to be hired? (July 2026),https://news.ycombinator.com/item?id=48747975
48750000,2.034974,267.,65 points,,https://wasm.chdb.io/
48778662,0.95499,268.,11 points,,https://sendmeyourprompt.com/
48718716,3.087585,269.,92 points,,https://www.buraksen.dev/articles/internals-of-postgresql-db-cluster-and-tables
48779479,3.815299,270.,8 points,,https://www.theguardian.com/us-news/2026/jul/03/tesla-texas-crash-manslaughter
48783117,0.213385,1.,41 points,,https://blog.mikebowler.ca/2026/07/03/co2-and-decision-making/
48782890,1.035575,2.,15 points,,https://www.hyperstitionai.com/unslop-results
48782671,1.30106,3.,60 points,,https://danluu.com/ai-coding/#appendix-agentic-loops-and-writing-this-post
48780417,0.452704,4.,211 points,,https://www.wafer.ai/blog/glm52-amd
48780801,0.883126,5.,187 points,,https://mistral.ai/news/leanstral-1-5/
48780870,1.606407,6.,171 points,,https://news.exeter.ac.uk/faculty-of-environment-science-and-economy/giant-trees-have-no-trouble-pumping-water-to-top-branches/
48739018,2.791778,7.,35 points,,https://mirtitles.org
48782219,1.194467,8.,56 points,,https://surfingcomplexity.blog/2026/07/03/synthesis-is-harder-than-analysis/
48781688,1.403773,9.,71 points,,https://mrbruh.com/msicenter/
48780865,1.207584,10.,118 points,,https://github.com/FossPrime/Steam-Controller-Auto-Charge
48779454,1.403254,11.,192 points,,https://github.com/searxng/searxng
48778757,1.071929,12.,122 points,,https://crocidb.com/post/freebsd-ate-my-ram/
48782918,>3,13.,46 points,,https://www.dabeaz.com/courses.html
48780913,0.853641,14.,75 points,,https://worksinprogress.co/issue/how-amsterdam-invented-the-fire-department/
48775921,0.944225,15.,322 points,,https://github.com/jamesob/local-llm
48781196,1.591247,16.,114 points,,https://katamari64.se/posts/2026/odin-wikipedia/
48749868,3.953974,17.,9 points,,https://github.com/adam-s/car-diagnosis
48781597,1.896634,18.,70 points,,https://soatok.blog/2026/06/30/soatoks-informal-guide-to-threat-models/
48780056,1.087709,19.,90 points,,https://epoch.ai/data-insights/cve-severity-spike
48779723,1.162631,20.,101 points,,https://math.ucr.edu/home/baez/act_course/index.html
48739682,>3,21.,58 points,,https://blog.archive.org/2026/04/23/gone-but-not-forgotten-recovering-the-dead-web/
48776044,1.067928,22.,386 points,,https://phenomenalworld.org/analysis/the-anti-amazon/
48782435,1.857874,23.,35 points,,https://www.marginalia.nu/log/a_135_learn/
48735097,2.579042,24.,29 points,,https://github.com/rochus-keller/BUSY/
48779683,1.660675,25.,336 points,,https://citizenlab.ca/research/member-of-committee-investigating-spyware-hacked-with-pegasus/
48779906,1.640694,26.,0 points,,https://news.ycombinator.com/from?site=ycombinator.com
48735811,1.48977,27.,10 points,,https://davidslv.uk/2026/06/30/reading-binary-in-ruby.html
48730953,2.534973,28.,196 points,,https://ubuntu.com/blog/hunting-a-16-year-old-sqlite-bug-with-tla-is-dqlite-affected
48776035,2.189604,29.,227 points,,https://interconnected.org/home/2026/07/03/factories
48777266,1.577377,30.,151 points,,https://www.fide.com/fide-ethics-disciplinary-commission-issues-a-decision-in-case-involving-gm-vladimir-kramnik/
48762038,0.606771,151.,90 points,,https://github.com/rafal-qa/slopo
48777790,1.452979,152.,7 points,,https://contextify.sh/
48734380,0.577346,153.,22 points,,https://scottsumner.substack.com/p/the-beauty-of-tautologies
48755005,1.87689,154.,472 points,,https://makerspet.com/blog/building-an-open-source-robot-vacuum-meet-oomwoo/
48711052,2.675391,155.,266 points,,https://phys.org/news/2026-06-newly-australian-ballista-spider-snare.html
48743362,2.412148,156.,44 points,,https://dfarq.homeip.net/apricot-computers-an-underrated-british-brand/
48769064,1.526951,157.,29 points,,https://github.com/alex-w-developer/GetBlocked
48781434,1.319412,158.,17 points,,https://daringfireball.net/2026/07/claudes_criminally_bad_mac_app_is_an_inside_job
48766297,1.177484,159.,47 points,,https://www.sdcard.org/developers/sd-standard-overview/sdio-isdio/wireless-lan-sd/
48672848,0.876756,160.,200 points,,https://hypertalking.com/2023/05/15/1-bit-pixel-art-emojis/
48746752,1.661513,161.,56 points,Launch HN: Parsewise (YC P25) – Reason Across Documents with an API,https://news.ycombinator.com/item?id=48746752
48775651,0.815861,162.,7 points,,https://masterpoint.io/blog/using-opentofu-exclude-flag-isolate-performance-bottlenecks/
48733642,1.332446,163.,14 points,,https://github.com/cloudcell/om-core
48720728,1.186291,164.,24 points,,https://huntersoftwareconsulting.com/posts/2026-06-28-company-phase-changes/
48768336,5.056604,165.,120 points,,https://www.dailymail.com/news/article-15943905/Mystery-identity-Green-Boots-climber-macabre-landmark-frozen-ice-dying-Everest-finally-solved-DNA-test.html
48777016,1.066379,166.,5 points,,https://originmap.sunnyguha.com/
48724608,1.01697,167.,24 points,,https://www.bkurtz.io/posts/macvdmtool/
48775412,0.626802,168.,5 points,,https://www.owlposting.com/p/heuristics-for-lab-robotics-and-where
48774454,1.240845,169.,236 points,,https://eshumarneedi.com/2026/07/03/zuckerberg-admits-metas-layoffs-were.html
48754080,1.519565,170.,123 points,,https://underhanded-c.org/
48763462,1.020139,171.,65 points,,https://github.com/ctxrs/ctx
48748518,1.411087,172.,182 points,,https://probelab.io/blog/optimistic-provide/
48776345,1.406247,173.,221 points,,https://arxiv.org/abs/2602.20415
48782034,0.841971,174.,5 points,,https://ladybird.org/newsletter/2026-06-30/
48761294,2.058467,175.,106 points,,https://freegraphpaper.net/
48778675,2.85354,176.,5 points,,https://stillup.to/
48747116,>3,177.,445 points,,"https://hydrogenaudio.org/index.php/topic,129691.0.html"
48766598,1.736708,178.,82 points,,http://www.lmdb.tech/doc/
48744518,1.482001,179.,571 points,,https://asahilinux.org/2026/06/progress-report-7-1/
48778462,1.777273,180.,4 points,,https://www.hammerdb.com/blog/uncategorized/hammerdb-v6-0-response-times-percentiles-and-reservoir-sampling/
48783117,0.14002,1.,41 points,,https://blog.mikebowler.ca/2026/07/03/co2-and-decision-making/
48782890,1.248756,2.,15 points,,https://www.hyperstitionai.com/unslop-results
48782671,0.855722,3.,60 points,,https://danluu.com/ai-coding/#appendix-agentic-loops-and-writing-this-post
48780417,0.627367,4.,211 points,,https://www.wafer.ai/blog/glm52-amd
48780801,1.306949,5.,187 points,,https://mistral.ai/news/leanstral-1-5/
48780870,1.839534,6.,171 points,,https://news.exeter.ac.uk/faculty-of-environment-science-and-economy/giant-trees-have-no-trouble-pumping-water-to-top-branches/
48739018,2.369734,7.,35 points,,https://mirtitles.org
48782219,1.19791,8.,56 points,,https://surfingcomplexity.blog/2026/07/03/synthesis-is-harder-than-analysis/
48781688,1.418044,9.,71 points,,https://mrbruh.com/msicenter/
48780865,1.202951,10.,118 points,,https://github.com/FossPrime/Steam-Controller-Auto-Charge
48779454,1.390437,11.,192 points,,https://github.com/searxng/searxng
48778757,0.940528,12.,122 points,,https://crocidb.com/post/freebsd-ate-my-ram/
48782918,>3,13.,46 points,,https://www.dabeaz.com/courses.html
48780913,0.949462,14.,75 points,,https://worksinprogress.co/issue/how-amsterdam-invented-the-fire-department/
48775921,0.989928,15.,322 points,,https://github.com/jamesob/local-llm
48781196,1.581774,16.,114 points,,https://katamari64.se/posts/2026/odin-wikipedia/
48749868,3.894861,17.,9 points,,https://github.com/adam-s/car-diagnosis
48781597,1.883955,18.,70 points,,https://soatok.blog/2026/06/30/soatoks-informal-guide-to-threat-models/
48780056,1.184035,19.,90 points,,https://epoch.ai/data-insights/cve-severity-spike
48779723,1.089931,20.,101 points,,https://math.ucr.edu/home/baez/act_course/index.html
48739682,>3,21.,57 points,,https://blog.archive.org/2026/04/23/gone-but-not-forgotten-recovering-the-dead-web/
48776044,1.095838,22.,386 points,,https://phenomenalworld.org/analysis/the-anti-amazon/
48735097,2.750037,23.,29 points,,https://github.com/rochus-keller/BUSY/
48779683,2.731551,24.,336 points,,https://citizenlab.ca/research/member-of-committee-investigating-spyware-hacked-with-pegasus/
48735811,1.583232,25.,10 points,,https://davidslv.uk/2026/06/30/reading-binary-in-ruby.html
48779906,3.080829,26.,0 points,,https://news.ycombinator.com/from?site=ycombinator.com
48730953,1.60051,27.,196 points,,https://ubuntu.com/blog/hunting-a-16-year-old-sqlite-bug-with-tla-is-dqlite-affected
48776035,2.305654,28.,227 points,,https://interconnected.org/home/2026/07/03/factories
48777266,1.86963,29.,151 points,,https://www.fide.com/fide-ethics-disciplinary-commission-issues-a-decision-in-case-involving-gm-vladimir-kramnik/
48782435,1.450471,30.,34 points,,https://www.marginalia.nu/log/a_135_learn/
48772573,0.504225,31.,293 points,,https://wordgard.net/
48742566,2.345536,32.,5 points,,https://news.ku.edu/news/article/study-reveals-what-people-really-see-when-they-read-lips
48780812,1.361053,33.,50 points,,https://gitfut.com
48780826,0.925031,34.,33 points,,https://chenliu-1996.github.io/projects/LM-Dispersion/
48779977,3.363693,35.,147 points,,https://www.economist.com/middle-east-and-africa/2026/07/02/africans-are-turning-to-starlink
48780996,1.432934,36.,73 points,,https://www.engineering.columbia.edu/about/news/circuit-lets-your-brain-think-and-see
48772388,1.22516,37.,1246 points,,https://weli.dev/blog/half-baked-product/
48699010,1.218213,38.,167 points,,https://lyra.horse/blog/2026/06/reddit-spam-internals/
48771515,1.60773,39.,148 points,Ask HN: Is anyone experimenting with different ways of using LLMs for coding?,https://news.ycombinator.com/item?id=48771515
48781274,1.267378,40.,21 points,,https://news.exeter.ac.uk/faculty-of-environment-science-and-economy/scientists-discover-guidance-system-for-migratory-songbirds/
48780224,1.2463,41.,86 points,,https://fazamhd.com/mental-models/software/
48774509,0.830248,42.,167 points,,https://www.ubicloud.com/blog/postgresql-and-the-oom-killer-why-we-use-strict-memory-overcommit
48777144,1.596826,43.,55 points,,https://github.com/kerlenton/mcpsnoop
48774518,1.657844,44.,550 points,,https://www.gamingonlinux.com/2026/07/valve-open-source-the-steam-machine-e-ink-screen-so-you-can-make-your-own/
48744546,4.110949,45.,30 points,,https://encore.dev/blog/redis-runtime
48777728,0.664379,46.,190 points,,https://inpreparation.substack.com/p/opinion-i-was-not-allowed-to-type
48766242,1.097175,47.,120 points,,https://github.com/flythenimbus/bramble
48776464,0.737019,48.,258 points,,https://github.com/teamchong/pxpipe
48781199,2.327093,49.,11 points,,https://transamtrail.com/plan/
48777832,0.817876,50.,213 points,,https://xkcd.com/3266/large/
48774492,0.88827,51.,143 points,,https://www.construction-physics.com/p/the-fall-and-rise-of-screwworm
48693428,1.496495,52.,154 points,,https://js13kgames.com/games/q1k3
48775949,1.903343,53.,81 points,,https://dannorth.net/blog/best-simple-system-for-now/
48746695,2.721893,54.,13 points,,https://mighil.com/notes-from-building-tinkerfont
48768951,2.294947,55.,510 points,,https://righttointelligence.org/
48754326,0.515263,56.,12 points,,https://twitter.com/i/status/2071469740141224272
48772717,3.708117,57.,68 points,,https://thombrown.blogspot.com/2026/07/load-plcbmbasic81-commodore-64-basic.html
48780858,3.434671,58.,11 points,,https://github.com/regolo-ai/brick-SR1
48781250,1.881554,59.,6 points,,https://www.esa.int/Science_Exploration/Space_Science/XMM-Newton/XMM-Newton_helps_revise_distance_to_outer_spiral_arms
48774368,0.091977,60.,49 points,,https://arxiv.org/abs/2607.02512
48781757,0.212251,181.,6 points,,https://www.foreignaffairs.com/united-states/military-and-republic-charles-q-brown
48781756,0.128136,182.,4 points,,https://www.wsj.com/business/white-line-road-invention-america-250-8ce6bb89
48750803,0.297624,183.,121 points,,https://thisismodest.com/vimscoops/
48750710,0.273222,184.,419 points,,https://blog.demofox.org/2026/07/01/what-to-learn-to-be-a-graphics-programmer/
48745590,0.881423,185.,49 points,,https://github.com/emson/claudoro
48770133,0.729242,186.,33 points,,https://www.openui.com
48759838,1.401474,187.,34 points,,https://jonno.nz/posts/your-show-hn-dies-in-7-hours/
48780999,1.225011,188.,11 points,,https://www.404media.co/apple-hide-my-email-vulnerability-reveals-peoples-real-email-addresses/
48688685,3.553616,189.,168 points,,https://www.ti.com/product/MSPM0C1104
48766124,1.591931,190.,37 points,,https://aasnova.org/2026/07/01/a-new-catalog-of-stellar-rotation-periods-for-over-a-million-stars/
48729404,1.797616,191.,25 points,,https://gitstock.org/
48774256,1.322869,192.,8 points,,https://www.buoyant.io/blog/the-sre-guide-to-kubernetes-observability-red-vs-use-methods
48775800,2.468072,193.,45 points,,https://leaddev.com/ai/ai-coding-is-addictive-engineers-are-paying-the-price
48723102,2.104904,194.,92 points,,https://www.bigmessowires.com/2021/11/12/the-amazing-disk-ii-controller-card/
48759761,1.703087,195.,231 points,,https://voidzero.dev/posts/announcing-vite-plus-beta
48777692,2.593171,196.,4 points,,https://research.colfax-intl.com/flashattention-4-algorithm-and-kernel-pipelining-co-design-for-asymmetric-hardware-scaling/
48768278,2.603058,197.,28 points,,https://smolmachines.com/
48777612,0.841607,198.,9 points,,https://www.minid.net/2026/7/3/the-one-person-company-fantasy
48775484,1.246882,199.,7 points,,https://taskpeace.com/
48706825,0.689363,200.,58 points,,https://victoriametrics.com/blog/victorialogs-internals-columnar-storage-on-disk/index.html
48745445,0.688668,201.,517 points,,https://box2d.org/posts/2026/06/announcing-box3d/
48736605,3.356297,202.,1259 points,,https://www.anthropic.com/news/claude-sonnet-5
48775314,1.659535,203.,5 points,,https://arxiv.org/abs/2607.01308
48780033,1.534745,204.,11 points,,https://www.seangoedecke.com/ai-inference-is-obviously-profitable/
48760669,3.993746,205.,210 points,,https://www.rfi.fr/en/international-news/20260702-germany-s-infineon-opens-major-chip-plant-as-eu-seeks-tech-autonomy
48721903,1.062655,206.,1187 points,,https://quesma.com/blog/qwen-36-is-awesome/
48779898,4.535198,207.,13 points,,https://www.businessinsider.com/meta-ai-model-catches-up-openai-gpt-5-says-2026-7
48777189,2.079981,208.,6 points,,https://bricolage.io/essential-until-it-wasnt/
48777158,4.738295,209.,8 points,,https://posthog.com/blog/why-we-rebuilt-our-data-warehouse
48754700,1.722512,210.,90 points,,https://developer.chrome.com/blog/usermedia-html-element
48778031,0.327335,91.,114 points,,https://apnews.com/article/california-farmer-nectarines-lawsuit-patent-4f7bc8ab185e8b9cbdd6d6ad4f2aabd1
48769639,2.118677,92.,262 points,,https://webkit.org/blog/18136/introducing-the-safari-mcp-server-for-web-developers/
48780387,0.970146,212.,16 points,,https://www.gamesindustry.biz/eve-onlines-carbon-engine-is-now-open-source-fenris-creations-explains-why
48768464,1.095236,93.,383 points,,https://github.com/FractalFir/crustc
48747976,2.453872,213.,240 points,Ask HN: Who is hiring? (July 2026),https://news.ycombinator.com/item?id=48747976
48702006,3.75948,94.,157 points,,https://www.smithsonianmag.com/smithsonian-institution/how-one-german-button-maker-searched-the-rivers-of-the-american-midwest-for-the-shells-that-could-make-him-a-fortune-180989012/
48778955,>3,95.,8 points,,https://github.com/anuragmerndev/kontext-ai
-off-the-old-block
48766209,0.789802,96.,149 points,,https://www.eff.org/deeplinks/2026/06/eff-and-allies-xs-ftc-petition-waive-privacy-violation-order-should-be-rejected
48739792,2.03308,216.,38 points,Ask HN: Since when does Craigslist's front page have emojis?,https://news.ycombinator.com/item?id=48739792
48755928,0.996506,97.,179 points,,https://senior-swe-bench.snorkel.ai/
48776876,1.52337,217.,6 points,,https://www.pangram.com/blog/joe-stech-information-theory-why-ai-writing-sucks
48760490,2.527544,98.,147 points,,https://nsa.2026.action.cr.yp.to
48774429,1.714924,218.,62 points,,https://docs.cloud.google.com/gemini/docs/code-review/review-repo-code
hould-give-everyone-pause.html
48742483,0.936827,219.,177 points,,https://www.conception.bio/science-and-updates/the-first-early-human-eggs-from-stem-cells
48745113,0.924182,220.,558 points,,https://mynintendonews.com/2026/06/26/nintendo-has-raised-its-employees-base-salary-by-10/
public-and-private-companies-fsnc2z17gjv
48702874,0.614353,102.,362 points,,https://johnsalvatier.org/blog/2017/reality-has-a-surprising-amount-of-detail

48762862,1.80398,103.,108 points,,https://manufact.com
48747389,0.808241,222.,628 points,,https://reclaimthenet.org/sony-deletes-551-studiocanal-movies-playstation-owners-paid-for
48746914,3.266904,223.,348 points,,https://blog.cloudflare.com/monetization-gateway/
1ed/
48780754,2.794779,224.,23 points,,https://isaaclyman.com/blog/posts/coding-without-ai/
48770477,1.035259,105.,79 points,,https://manticoresearch.com/blog/onnx-embeddings-speedup/
48763595,1.431315,225.,34 points,,https://brave.com/blog/containers/
48779182,1.569614,106.,8 points,,https://blogsreader.com
48746076,1.654355,226.,332 points,,https://ciechanow.ski/internal-combustion-engine/
48740971,1.528469,107.,303 points,,https://aakash.substack.com/p/why-jet-engines-arent-made-in-china
48726792,2.011981,227.,29 points,,https://www.microsoft.com/en-us/research/blog/memora-a-harmonic-memory-representation-balancing-abstraction-and-specificity/
48765663,2.464374,109.,326 points,,https://www.zachtronics.com/exapunks/
ntic-ransomware-for-automated-database-extortion
48776391,0.848947,229.,3 points,,https://hackernews-reader.pages.dev/
48776390,1.165511,230.,4 points,,https://mailkite.dev/blog/amazon-ses-alternative/
rospective/
48760201,2.972797,112.,150 points,,https://arxiv.org/abs/2607.01232
48776386,1.927522,231.,3 points,,https://github.com/YuanpingSong/ultracodex
48781228,3.706742,113.,17 points,,https://techcrunch.com/2026/07/01/after-18b-ipo-bending-spoons-founder-says-success-comes-from-minimizing-luck/
48776288,2.835615,232.,5 points,,https://theguptalog.blogspot.com/2026/07/anthropic-wants-to-develop-its-own-drugs.html
48779223,3.284445,233.,8 points,,https://arstechnica.com/gadgets/2026/07/250-used-to-get-you-a-lifetime-plex-pass-now-you-get-a-five-year-subscription/
48781173,>3,234.,8 points,,https://www.asahi.com/ajw/articles/16534412
48761536,1.244936,115.,392 points,,https://japannews.yomiuri.co.jp/science-nature/technology/20260306-314930/
48731989,2.00253,235.,193 points,,https://www.gutenberg.org/ebooks/24518
48747304,0.211017,116.,946 points,,https://www.quantamagazine.org/for-the-first-time-a-cell-built-from-scratch-grows-and-divides-20260701/
48777610,0.76051,117.,12 points,,https://velxio.dev/about/
-never-felt-solid/
48780815,0.519261,118.,20 points,,https://www.theregister.com/personal-tech/2026/07/03/david-potter-the-man-who-put-psion-in-the-palm-of-your-hand-logs-off-at-82/5266624
48750527,0.764923,237.,101 points,,https://hanakai.org/blog/2026/06/30/hanami-3-0-in-full-bloom
48761118,0.292715,119.,512 points,,https://pradyuprasad.com/writings/how-to-ask-for-help/
48730713,0.223624,238.,162 points,,https://vosen.github.io/ZLUDA/blog/zluda-update-q1q2-2026/
48756840,0.235843,120.,167 points,,https://cursor.com/evals
48682979,0.451324,239.,61 points,,https://smist08.wordpress.com/2026/06/25/linux-kills-strncpy/
48752030,0.737407,240.,407 points,,https://twitter.com/claudeai/status/2072402636813607381
48755965,2.807541,61.,1685 points,,https://f-droid.org/2026/07/01/adv-malware.html
48766026,4.677063,62.,192 points,,https://blog.okturtles.org/2026/07/short-leash-ai-method/
48725857,2.236869,63.,88 points,,https://iinteractive.com/resources/blog/read-only
48769397,2.313059,64.,556 points,,https://www.caseyliss.com/2026/7/2/carplay-is-additive-you-dolts
48732870,0.763451,65.,90 points,,https://ambrook.com/offrange/perspective/how-we-lost-our-oats
48775979,0.90615,66.,125 points,,https://www.derekthompson.org/p/america-1926-an-absurdly-deep-dive
48779352,0.745831,67.,61 points,,https://kagi.com/changelog#10959
48752948,2.007937,68.,23 points,,https://github.com/clidey/deptrust
48765639,1.365864,69.,217 points,,https://www.dbos.dev/blog/co-locating-workflow-state-with-your-data
48741654,2.238435,70.,141 points,,https://www.forbes.com/sites/suzannerowankelleher/2026/06/30/faa-supersonic-flight-no-boom/
48776525,3.126955,71.,115 points,,https://www.filfre.net/2026/07/the-life-and-times-of-maxis-part-1-simeverything/
48725093,0.93985,72.,95 points,,https://www.nature.com/articles/s41467-026-74235-1
48766286,2.332154,73.,127 points,,https://growtheflowutah.org/laketracker/
48759634,1.397042,74.,660 points,,https://github.com/Chocobozzz/PeerTube
48763035,1.226871,75.,527 points,,https://mathstodon.xyz/@iblech/116769502749142438
48739459,0.999277,76.,187 points,,https://blog.fsck.com/2026/06/15/Superpowers-6/
48739140,1.534468,77.,34 points,,https://tratt.net/laurie/blog/2026/local_reasoning_for_global_properties.html
48765607,3.68367,78.,119 points,,https://github.com/segaboy/vulkan-netbsd
48776232,1.387292,79.,177 points,,https://12gramsofcarbon.com/p/agentics-memorizing-session-transcripts
48755075,1.155573,80.,94 points,,https://magik.net/librecad/
48761944,5.102497,81.,606 points,,https://github.com/immich-app/immich/discussions/29439
48768992,3.840641,82.,398 points,,https://scottaaronson.blog/?p=9902
48762372,0.463593,83.,88 points,,https://apple.github.io/foundationdb/flow.html
48758048,0.210626,84.,280 points,,https://davidbessis.substack.com/p/the-fall-of-the-theorem-economy
48772443,0.30963,85.,323 points,,https://www.reuters.com/world/china/alibaba-ban-claude-code-workplace-over-alleged-backdoor-risks-source-says-2026-07-03/
48780915,1.434963,86.,8 points,,https://www.uni-wuerzburg.de/en/news-and-events/news/detail/news/ameisen-kolonie-verletzte-pflegt/
48778607,0.392503,87.,10 points,,https://www.opbox.dev/
48775483,0.171792,88.,23 points,,https://promptowl.ai/resources/persistent-memory-ai-agents/
48762098,1.363383,89.,629 points,,https://blog.podman.io/2026/07/introducing-podman-v6-0-0/
48766005,0.585211,90.,158 points,,https://github.com/HUANGCHIHHUNGLeo/claude-real-video
48750989,0.142784,241.,232 points,,https://www.weaverobotics.com/isaac-1
48752030,0.631053,242.,407 points,,https://twitter.com/claudeai/status/2072402636813607381
48753979,0.463261,243.,230 points,,https://blog.google/innovation-and-ai/technology/safety-security/opening-up-zero-knowledge-proof-technology-to-promote-privacy-in-age-assurance/
48748182,0.403468,244.,52 points,,https://golemui.com
48750373,0.085388,245.,74 points,,https://www.researchgate.net/publication/353058947_Global_regional_and_national_burden_of_mortality_associated_with_non-optimal_ambient_temperatures_from_2000_to_2019_a_three-stage_modelling_study
48728599,0.432885,246.,97 points,,https://marcin.juszkiewicz.com.pl/2026/06/26/the-end-of-the-aarch64-desktop-experiment/
48754155,0.249005,247.,150 points,,https://news.cuanschutz.edu/news-stories/healthy-but-sedentary-individuals-show-early-decline-in-cellular-energy-production
48720186,0.097976,248.,215 points,,https://github.com/LinuxMD/linuxmd
48775562,1.141064,249.,17 points,How many failed startups have you launched?,https://news.ycombinator.com/item?id=48775562
48777130,1.331663,250.,14 points,,https://www.cnbc.com/2026/07/02/tesla-tsla-q2-2026-vehicle-delivery-production.html
48710770,0.627929,251.,122 points,,https://verdagon.dev/blog/ante-blending-borrowing-rc
48768997,3.093344,252.,152 points,,https://forms.cloud.microsoft/pages/responsepage.aspx?id=v4j5cvGGr0GRqy180BHbR6G-c11n8yFDlQmk4B-QjDxUQkdTTjZLU0EyTFFRV1E3NVRTVTRTWjRHMy4u&route=shorturl
48744606,0.552807,253.,294 points,,https://easyoptouts.com/guides/apple-hide-my-email-is-leaking-email-addresses
48683098,1.017685,254.,673 points,,https://opensourcelowtech.org/
48773907,2.931219,255.,35 points,,https://www.theverge.com/science/960563/amazon-leo-service-tipping-point
48768421,0.75082,256.,16 points,,https://geospoof.com/
48739466,1.047182,257.,188 points,,https://ai.meta.com/blog/brain2qwerty-brain-ai-human-communication/?_fb_noscript=1
48702917,1.351036,258.,105 points,,https://louwrentius.com/i-build-a-10-inch-mini-rack-from-aluminium-extrusions.html
48779844,0.74561,259.,9 points,,https://www.notebookcheck.net/Camera-with-transparent-display-launches-for-the-equivalent-of-29.1334495.0.html
48763856,0.842888,260.,45 points,,https://github.com/nooga/legmacs
48778143,0.822063,261.,12 points,,https://twitter.com/l3d1c/status/2073004611632353575
48665958,1.202448,262.,151 points,,https://nickcarr.com/scouting-a-decommissioned-nuclear-power-plant/
48773652,0.824548,263.,61 points,,https://www.swiftsilentdeadly.com/blog/gun-mistakes-in-fiction-writing-handgun-edition
48747975,1.469898,264.,146 points,Ask HN: Who wants to be hired? (July 2026),https://news.ycombinator.com/item?id=48747975
48770647,0.354732,265.,529 points,,https://stefan.schueller.net/posts/the-free-market-lie/
48750000,3.878604,266.,65 points,,https://wasm.chdb.io/
48718716,0.802539,267.,92 points,,https://www.buraksen.dev/articles/internals-of-postgresql-db-cluster-and-tables
48778345,1.743091,268.,6 points,"Tell HN: Fewer PRs done with proper prompting, review, and refinement wins",https://news.ycombinator.com/item?id=48778345
48780540,1.556552,269.,5 points,,https://www.bloomberg.com/news/articles/2026-07-03/the-ai-trade-is-losing-one-of-its-key-signals-taking-stock
48768768,0.981831,270.,15 points,,https://corinwagen.github.io/public/blog/20260701_information_content.html
48777266,0.703061,31.,151 points,,https://www.fide.com/fide-ethics-disciplinary-commission-issues-a-decision-in-case-involving-gm-vladimir-kramnik/
48772573,0.526324,32.,293 points,,https://wordgard.net/
48780812,0.376203,33.,50 points,,https://gitfut.com
48780826,0.107347,34.,33 points,,https://chenliu-1996.github.io/projects/LM-Dispersion/
48779977,0.128331,35.,147 points,,https://www.economist.com/middle-east-and-africa/2026/07/02/africans-are-turning-to-starlink
48780996,0.366842,36.,73 points,,https://www.engineering.columbia.edu/about/news/circuit-lets-your-brain-think-and-see
48772388,0.400694,37.,1246 points,,https://weli.dev/blog/half-baked-product/
48699010,0.598522,38.,167 points,,https://lyra.horse/blog/2026/06/reddit-spam-internals/
48771515,1.568025,39.,148 points,Ask HN: Is anyone experimenting with different ways of using LLMs for coding?,https://news.ycombinator.com/item?id=48771515
48780224,1.101089,40.,86 points,,https://fazamhd.com/mental-models/software/
48781274,1.513772,41.,21 points,,https://news.exeter.ac.uk/faculty-of-environment-science-and-economy/scientists-discover-guidance-system-for-migratory-songbirds/
48774509,0.924412,42.,167 points,,https://www.ubicloud.com/blog/postgresql-and-the-oom-killer-why-we-use-strict-memory-overcommit
48777144,1.454281,43.,55 points,,https://github.com/kerlenton/mcpsnoop
48774518,1.126246,44.,551 points,,https://www.gamingonlinux.com/2026/07/valve-open-source-the-steam-machine-e-ink-screen-so-you-can-make-your-own/
48744546,2.814646,45.,30 points,,https://encore.dev/blog/redis-runtime
48777728,0.683731,46.,190 points,,https://inpreparation.substack.com/p/opinion-i-was-not-allowed-to-type
48766242,1.336654,47.,120 points,,https://github.com/flythenimbus/bramble
48776464,1.873164,48.,259 points,,https://github.com/teamchong/pxpipe
48781199,2.953021,49.,11 points,,https://transamtrail.com/plan/
48777832,1.501276,50.,214 points,,https://xkcd.com/3266/large/
48774492,0.813329,51.,143 points,,https://www.construction-physics.com/p/the-fall-and-rise-of-screwworm
48693428,1.057659,52.,154 points,,https://js13kgames.com/games/q1k3
48775949,0.700326,53.,81 points,,https://dannorth.net/blog/best-simple-system-for-now/
48746695,1.311541,54.,14 points,,https://mighil.com/notes-from-building-tinkerfont
48768951,3.125371,55.,510 points,,https://righttointelligence.org/
48754326,0.497958,56.,12 points,,https://twitter.com/i/status/2071469740141224272
48772717,0.562088,57.,68 points,,https://thombrown.blogspot.com/2026/07/load-plcbmbasic81-commodore-64-basic.html
48780858,1.876272,58.,11 points,,https://github.com/regolo-ai/brick-SR1
48774368,0.799323,59.,49 points,,https://arxiv.org/abs/2607.02512
48781250,1.596726,60.,6 points,,https://www.esa.int/Science_Exploration/Space_Science/XMM-Newton/XMM-Newton_helps_revise_distance_to_outer_spiral_arms
48783117,0.068783,1.,57 points,,https://blog.mikebowler.ca/2026/07/03/co2-and-decision-making/
48782890,0.509262,2.,15 points,,https://www.hyperstitionai.com/unslop-results
48782671,0.376239,3.,60 points,,https://danluu.com/ai-coding/#appendix-agentic-loops-and-writing-this-post
48780417,0.089103,4.,213 points,,https://www.wafer.ai/blog/glm52-amd
48780801,0.150174,5.,193 points,,https://mistral.ai/news/leanstral-1-5/
48780870,0.601193,6.,175 points,,https://news.exeter.ac.uk/faculty-of-environment-science-and-economy/giant-trees-have-no-trouble-pumping-water-to-top-branches/
48739018,0.238188,7.,37 points,,https://mirtitles.org
48782219,0.268077,8.,60 points,,https://surfingcomplexity.blog/2026/07/03/synthesis-is-harder-than-analysis/
48781688,1.013408,9.,71 points,,https://mrbruh.com/msicenter/
48780865,0.973271,10.,119 points,,https://github.com/FossPrime/Steam-Controller-Auto-Charge
48779454,1.560554,11.,194 points,,https://github.com/searxng/searxng
48778757,1.255441,12.,124 points,,https://crocidb.com/post/freebsd-ate-my-ram/
48782918,>3,13.,51 points,,https://www.dabeaz.com/courses.html
48780913,4.336717,14.,76 points,,https://worksinprogress.co/issue/how-amsterdam-invented-the-fire-department/
48775921,1.262268,15.,325 points,,https://github.com/jamesob/local-llm
48781196,0.850743,16.,118 points,,https://katamari64.se/posts/2026/odin-wikipedia/
48749868,1.983743,17.,10 points,,https://github.com/adam-s/car-diagnosis
48781597,1.798838,18.,72 points,,https://soatok.blog/2026/06/30/soatoks-informal-guide-to-threat-models/
48779723,1.290462,19.,101 points,,https://math.ucr.edu/home/baez/act_course/index.html
48780056,0.894984,20.,90 points,,https://epoch.ai/data-insights/cve-severity-spike
48739682,1.332515,21.,59 points,,https://blog.archive.org/2026/04/23/gone-but-not-forgotten-recovering-the-dead-web/
48782435,1.400931,22.,37 points,,https://www.marginalia.nu/log/a_135_learn/
48742566,2.169869,23.,6 points,,https://news.ku.edu/news/article/study-reveals-what-people-really-see-when-they-read-lips
48776044,1.151203,24.,386 points,,https://phenomenalworld.org/analysis/the-anti-amazon/
48779683,1.42861,25.,341 points,,https://citizenlab.ca/research/member-of-committee-investigating-spyware-hacked-with-pegasus/
48779906,1.431101,26.,0 points,,https://news.ycombinator.com/from?site=ycombinator.com
48735097,2.364405,27.,29 points,,https://github.com/rochus-keller/BUSY/
48735811,1.06117,28.,10 points,,https://davidslv.uk/2026/06/30/reading-binary-in-ruby.html
48730953,1.61813,29.,201 points,,https://ubuntu.com/blog/hunting-a-16-year-old-sqlite-bug-with-tla-is-dqlite-affected
48776035,0.901106,30.,228 points,,https://interconnected.org/home/2026/07/03/factories
48783117,0.119873,1.,57 points,,https://blog.mikebowler.ca/2026/07/03/co2-and-decision-making/
48782890,0.55567,2.,15 points,,https://www.hyperstitionai.com/unslop-results
48782671,0.375496,3.,60 points,,https://danluu.com/ai-coding/#appendix-agentic-loops-and-writing-this-post
48780417,0.093504,4.,213 points,,https://www.wafer.ai/blog/glm52-amd
48780801,0.282898,5.,192 points,,https://mistral.ai/news/leanstral-1-5/
48780870,0.586397,6.,175 points,,https://news.exeter.ac.uk/faculty-of-environment-science-and-economy/giant-trees-have-no-trouble-pumping-water-to-top-branches/
48739018,0.219291,7.,37 points,,https://mirtitles.org
48782219,0.251659,8.,60 points,,https://surfingcomplexity.blog/2026/07/03/synthesis-is-harder-than-analysis/
48781688,1.058174,9.,71 points,,https://mrbruh.com/msicenter/
48780865,1.13117,10.,118 points,,https://github.com/FossPrime/Steam-Controller-Auto-Charge
48779454,1.580019,11.,194 points,,https://github.com/searxng/searxng
48778757,1.257543,12.,124 points,,https://crocidb.com/post/freebsd-ate-my-ram/
48782918,>3,13.,51 points,,https://www.dabeaz.com/courses.html
48780913,4.329227,14.,76 points,,https://worksinprogress.co/issue/how-amsterdam-invented-the-fire-department/
48775921,1.260215,15.,325 points,,https://github.com/jamesob/local-llm
48781196,0.859893,16.,118 points,,https://katamari64.se/posts/2026/odin-wikipedia/
48749868,1.987069,17.,10 points,,https://github.com/adam-s/car-diagnosis
48781597,1.790422,18.,72 points,,https://soatok.blog/2026/06/30/soatoks-informal-guide-to-threat-models/
48779723,1.257298,19.,101 points,,https://math.ucr.edu/home/baez/act_course/index.html
48780056,0.98066,20.,90 points,,https://epoch.ai/data-insights/cve-severity-spike
48739682,1.233376,21.,59 points,,https://blog.archive.org/2026/04/23/gone-but-not-forgotten-recovering-the-dead-web/
48782435,1.027701,22.,37 points,,https://www.marginalia.nu/log/a_135_learn/
48742566,2.398715,23.,6 points,,https://news.ku.edu/news/article/study-reveals-what-people-really-see-when-they-read-lips
48776044,1.421209,24.,386 points,,https://phenomenalworld.org/analysis/the-anti-amazon/
48779683,1.357239,25.,340 points,,https://citizenlab.ca/research/member-of-committee-investigating-spyware-hacked-with-pegasus/
48779906,2.397116,26.,0 points,,https://news.ycombinator.com/from?site=ycombinator.com
48735097,1.426759,27.,29 points,,https://github.com/rochus-keller/BUSY/
48735811,1.161874,28.,10 points,,https://davidslv.uk/2026/06/30/reading-binary-in-ruby.html
48730953,1.477728,29.,201 points,,https://ubuntu.com/blog/hunting-a-16-year-old-sqlite-bug-with-tla-is-dqlite-affected
48776035,1.250807,30.,228 points,,https://interconnected.org/home/2026/07/03/factories
48780815,0.391756,121.,20 points,,https://www.theregister.com/personal-tech/2026/07/03/david-potter-the-man-who-put-psion-in-the-palm-of-your-hand-logs-off-at-82/5266624
48750402,0.417403,122.,60 points,,https://try.piecesof.me/
48738244,0.504618,123.,24 points,,https://morethanmoore.substack.com/p/q-and-a-with-microns-vp-and-gm-of
48667568,0.329672,124.,88 points,,https://petapixel.com/2026/06/24/a-special-wireless-free-nikon-camera-is-publicly-available-for-the-first-time/
48763246,0.48048,125.,69 points,,https://zk.golf/
48763222,0.499502,126.,71 points,,https://kendal.codeberg.page/inkwell/
48759870,0.640897,127.,375 points,,https://mathstodon.xyz/@mjd/115096720350507897
48745118,1.114633,128.,54 points,,https://engineering.zalando.com/posts/2026/06/client-side-load-balancing.html?v=2](https://engineering.zalando.com/posts/2026/06/client-side-load-balancing.html
48728334,0.830177,129.,7 points,,https://www.theideasletter.org/essay/closer-to-rude-than-snide/
48767347,1.533903,130.,939 points,,https://www.hunton.com/privacy-and-cybersecurity-law-blog/virginia-bans-sale-of-geolocation-data
48778971,1.453011,131.,16 points,,https://github.com/afspies/ClawdMoji
48732860,0.44966,132.,175 points,,https://www.science.org/content/article/how-do-wombats-poop-cubes-scientists-get-bottom-mystery
48761229,0.993297,133.,490 points,,https://www.thebignewsletter.com/p/crime-pays-the-egg-bandits-made-a
48774704,3.345754,134.,89 points,,https://www.theregister.com/security/2026/07/02/hackers-shoveled-snow-for-company-were-rewarded-with-network-admin-access/5265240
48756602,1.012914,135.,415 points,,https://github.blog/changelog/2026-07-01-kimi-k2-7-is-now-available-in-github-copilot/
48765830,1.842477,136.,68 points,,https://openjdk.org/jeps/539
48714884,1.387664,137.,140 points,,https://fabiensanglard.net/keyboards/index.html
48782034,1.097867,138.,7 points,,https://ladybird.org/newsletter/2026-06-30/
48739984,1.963479,139.,6 points,,https://dles.gg/reviews/nerdle
48724127,1.400175,140.,109 points,,https://www.mixedbread.com/blog/asymmetric-quant
48780952,0.497365,141.,15 points,,https://techcrunch.com/2026/07/02/us-government-says-it-got-hacked-again/
48741748,2.637788,142.,297 points,,https://blog.arxiv.org/2026/06/30/arxivs-next-chapter/
48753715,4.195907,143.,505 points,,https://zcode.z.ai/en
48745456,1.654788,144.,781 points,,https://blog.playstation.com/2026/07/01/physical-disc-production-ending-in-january-2028-for-new-games-releasing-on-playstation-consoles/
48768374,1.896302,145.,41 points,,https://krebsonsecurity.com/2026/07/fbi-seizes-netnut-proxy-platform-popa-botnet/
48779750,0.932913,146.,9 points,,https://howclankerareyou.com/
48704289,0.608443,147.,414 points,,https://karolina.mgdubiel.com/drone/
48777962,0.587019,148.,5 points,,https://hachipoo.com/dockside-app
48710537,0.76438,149.,85 points,,https://bednars.me/blog/winpe-harness
48762038,1.964072,150.,90 points,,https://github.com/rafal-qa/slopo
48778462,0.828714,181.,4 points,,https://www.hammerdb.com/blog/uncategorized/hammerdb-v6-0-response-times-percentiles-and-reservoir-sampling/
48750803,0.051247,182.,121 points,,https://thisismodest.com/vimscoops/
48750710,0.23442,183.,419 points,,https://blog.demofox.org/2026/07/01/what-to-learn-to-be-a-graphics-programmer/
48745590,0.685451,184.,49 points,,https://github.com/emson/claudoro
48759838,0.454482,185.,34 points,,https://jonno.nz/posts/your-show-hn-dies-in-7-hours/
48770133,0.130034,186.,33 points,,https://www.openui.com
48688685,0.131096,187.,168 points,,https://www.ti.com/product/MSPM0C1104
48781757,0.211833,188.,7 points,,https://www.foreignaffairs.com/united-states/military-and-republic-charles-q-brown
48781756,1.144489,189.,4 points,,https://www.wsj.com/business/white-line-road-invention-america-250-8ce6bb89
48766124,0.802063,190.,37 points,,https://aasnova.org/2026/07/01/a-new-catalog-of-stellar-rotation-periods-for-over-a-million-stars/
48729404,2.183498,191.,25 points,,https://gitstock.org/
48780999,0.846385,192.,11 points,,https://www.404media.co/apple-hide-my-email-vulnerability-reveals-peoples-real-email-addresses/
48774256,1.799764,193.,8 points,,https://www.buoyant.io/blog/the-sre-guide-to-kubernetes-observability-red-vs-use-methods
48775800,>3,194.,45 points,,https://leaddev.com/ai/ai-coding-is-addictive-engineers-are-paying-the-price
48723102,1.918604,195.,92 points,,https://www.bigmessowires.com/2021/11/12/the-amazing-disk-ii-controller-card/
48759761,1.073724,196.,231 points,,https://voidzero.dev/posts/announcing-vite-plus-beta
48768278,2.050209,197.,28 points,,https://smolmachines.com/
48777692,2.192986,198.,4 points,,https://research.colfax-intl.com/flashattention-4-algorithm-and-kernel-pipelining-co-design-for-asymmetric-hardware-scaling/
48706825,0.947576,199.,58 points,,https://victoriametrics.com/blog/victorialogs-internals-columnar-storage-on-disk/index.html
48745445,0.697503,200.,517 points,,https://box2d.org/posts/2026/06/announcing-box3d/
48736605,2.305499,201.,1259 points,,https://www.anthropic.com/news/claude-sonnet-5
48777612,3.377831,202.,9 points,,https://www.minid.net/2026/7/3/the-one-person-company-fantasy
48775484,0.831568,203.,7 points,,https://taskpeace.com/
48775314,1.864592,204.,5 points,,https://arxiv.org/abs/2607.01308
48760669,2.023054,205.,210 points,,https://www.rfi.fr/en/international-news/20260702-germany-s-infineon-opens-major-chip-plant-as-eu-seeks-tech-autonomy
48721903,0.853885,206.,1187 points,,https://quesma.com/blog/qwen-36-is-awesome/
48780033,1.148014,207.,11 points,,https://www.seangoedecke.com/ai-inference-is-obviously-profitable/
48777189,0.862928,208.,6 points,,https://bricolage.io/essential-until-it-wasnt/
48754700,0.975319,209.,90 points,,https://developer.chrome.com/blog/usermedia-html-element
48779898,0.594098,210.,13 points,,https://www.businessinsider.com/meta-ai-model-catches-up-openai-gpt-5-says-2026-7
48769639,1.087115,91.,262 points,,https://webkit.org/blog/18136/introducing-the-safari-mcp-server-for-web-developers/
48768464,0.704051,92.,383 points,,https://github.com/FractalFir/crustc
48702006,0.154151,93.,157 points,,https://www.smithsonianmag.com/smithsonian-institution/how-one-german-button-maker-searched-the-rivers-of-the-american-midwest-for-the-shells-that-could-make-him-a-fortune-180989012/
48778031,0.106457,94.,114 points,,https://apnews.com/article/california-farmer-nectarines-lawsuit-patent-4f7bc8ab185e8b9cbdd6d6ad4f2aabd1
48778955,0.774777,95.,8 points,,https://github.com/anuragmerndev/kontext-ai
48755928,1.030656,96.,179 points,,https://senior-swe-bench.snorkel.ai/
48766209,1.40982,97.,149 points,,https://www.eff.org/deeplinks/2026/06/eff-and-allies-xs-ftc-petition-waive-privacy-violation-order-should-be-rejected
48760490,2.561051,98.,147 points,,https://nsa.2026.action.cr.yp.to
48763790,1.26784,99.,133 points,,https://people.xiph.org/~xiphmont/demo/neil-young.html#toc_wd2bm
48762725,4.540624,100.,720 points,,https://clashreport.com/world/articles/spain-orders-blacklist-of-us-tech-giant-palantir-from-public-and-private-companies-fsnc2z17gjv
48781103,1.494421,101.,26 points,,https://www.nakedcapitalism.com/2026/07/the-uks-latest-debanking-scandal-should-give-everyone-pause.html
48702874,0.982399,102.,362 points,,https://johnsalvatier.org/blog/2017/reality-has-a-surprising-amount-of-detail
48762862,1.648806,103.,108 points,,https://manufact.com
48770477,1.530859,104.,79 points,,https://manticoresearch.com/blog/onnx-embeddings-speedup/
48763291,1.227832,105.,107 points,,https://lwn.net/SubscriberLink/1079001/67840550991151ed/
48740971,1.137155,106.,303 points,,https://aakash.substack.com/p/why-jet-engines-arent-made-in-china
48779182,1.390466,107.,8 points,,https://blogsreader.com
48765663,2.016964,108.,326 points,,https://www.zachtronics.com/exapunks/
48755731,2.039315,109.,579 points,,https://tedium.co/2026/07/01/online-web-forums-retrospective/
48760201,1.288019,110.,150 points,,https://arxiv.org/abs/2607.01232
48782694,>3,111.,4 points,,https://www.washingtonpost.com/history/2026/07/03/what-1976-washington-post-prediction-said-about-2026/
48779933,1.400713,112.,11 points,,https://github.com/colwill/ccc
48740771,1.137861,113.,968 points,,https://twitter.com/AnthropicAI/status/2072106151890809341
48747304,0.51319,114.,946 points,,https://www.quantamagazine.org/for-the-first-time-a-cell-built-from-scratch-grows-and-divides-20260701/
48761536,0.463704,115.,392 points,,https://japannews.yomiuri.co.jp/science-nature/technology/20260306-314930/
48761118,0.171386,116.,512 points,,https://pradyuprasad.com/writings/how-to-ask-for-help/
48781228,0.174298,117.,18 points,,https://techcrunch.com/2026/07/01/after-18b-ipo-bending-spoons-founder-says-success-comes-from-minimizing-luck/
48777610,1.331947,118.,12 points,,https://velxio.dev/about/
48780815,1.044708,119.,20 points,,https://www.theregister.com/personal-tech/2026/07/03/david-potter-the-man-who-put-psion-in-the-palm-of-your-hand-logs-off-at-82/5266624
48756840,1.045953,120.,167 points,,https://cursor.com/evals
48777158,0.104648,211.,8 points,,https://posthog.com/blog/why-we-rebuilt-our-data-warehouse
48761096,0.658754,212.,36 points,,https://github.com/valmishq/valmis
48747976,1.138131,213.,240 points,Ask HN: Who is hiring? (July 2026),https://news.ycombinator.com/item?id=48747976
48753524,0.166867,214.,105 points,,https://www.astralcodexten.com/p/chip-off-the-old-block
48780387,0.137227,215.,16 points,,https://www.gamesindustry.biz/eve-onlines-carbon-engine-is-now-open-source-fenris-creations-explains-why
48739792,0.806975,216.,38 points,Ask HN: Since when does Craigslist's front page have emojis?,https://news.ycombinator.com/item?id=48739792
48776908,0.385767,217.,4 points,,https://isonomiaquarterly.com/wp-content/uploads/2025/11/goodman-pfwo.pdf
48776876,1.538748,218.,6 points,,https://www.pangram.com/blog/joe-stech-information-theory-why-ai-writing-sucks
48742483,0.925713,219.,177 points,,https://www.conception.bio/science-and-updates/the-first-early-human-eggs-from-stem-cells
48774429,1.655885,220.,62 points,,https://docs.cloud.google.com/gemini/docs/code-review/review-repo-code
48745113,1.118811,221.,558 points,,https://mynintendonews.com/2026/06/26/nintendo-has-raised-its-employees-base-salary-by-10/
48747389,3.162902,222.,628 points,,https://reclaimthenet.org/sony-deletes-551-studiocanal-movies-playstation-owners-paid-for
48746914,2.594174,223.,348 points,,https://blog.cloudflare.com/monetization-gateway/
48778355,1.112145,224.,19 points,,https://noyb.eu/sites/default/files/2026-06/Letter_noyb_EU-US_data_transfers.pdf
48746076,2.273342,225.,332 points,,https://ciechanow.ski/internal-combustion-engine/
48763595,2.123911,226.,34 points,,https://brave.com/blog/containers/
48726792,4.012307,227.,29 points,,https://www.microsoft.com/en-us/research/blog/memora-a-harmonic-memory-representation-balancing-abstraction-and-specificity/
48780754,1.803277,228.,23 points,,https://isaaclyman.com/blog/posts/coding-without-ai/
48776412,3.366227,229.,3 points,,https://www.sysdig.com/blog/jadepuffer-agentic-ransomware-for-automated-database-extortion
48776391,1.463713,230.,3 points,,https://hackernews-reader.pages.dev/
48776390,0.575586,231.,4 points,,https://mailkite.dev/blog/amazon-ses-alternative/
48776386,2.069595,232.,3 points,,https://github.com/YuanpingSong/ultracodex
48776288,1.572155,233.,5 points,,https://theguptalog.blogspot.com/2026/07/anthropic-wants-to-develop-its-own-drugs.html
48779223,2.066305,234.,8 points,,https://arstechnica.com/gadgets/2026/07/250-used-to-get-you-a-lifetime-plex-pass-now-you-get-a-five-year-subscription/
48731989,0.986017,235.,193 points,,https://www.gutenberg.org/ebooks/24518
48781173,>3,236.,8 points,,https://www.asahi.com/ajw/articles/16534412
48748951,0.976963,237.,69 points,,https://devz.cl/posts/solid-never-felt-solid/
48750527,0.282136,238.,101 points,,https://hanakai.org/blog/2026/06/30/hanami-3-0-in-full-bloom
48730713,0.24746,239.,162 points,,https://vosen.github.io/ZLUDA/blog/zluda-update-q1q2-2026/
48682979,0.312973,240.,61 points,,https://smist08.wordpress.com/2026/06/25/linux-kills-strncpy/
48755965,0.630995,61.,1685 points,,https://f-droid.org/2026/07/01/adv-malware.html
48766026,1.375302,62.,192 points,,https://blog.okturtles.org/2026/07/short-leash-ai-method/
48725857,0.618369,63.,88 points,,https://iinteractive.com/resources/blog/read-only
48769397,0.672965,64.,556 points,,https://www.caseyliss.com/2026/7/2/carplay-is-additive-you-dolts
48732870,0.407815,65.,90 points,,https://ambrook.com/offrange/perspective/how-we-lost-our-oats
48775979,0.580372,66.,125 points,,https://www.derekthompson.org/p/america-1926-an-absurdly-deep-dive
48779352,0.918695,67.,62 points,,https://kagi.com/changelog#10959
48765639,1.23456,68.,217 points,,https://www.dbos.dev/blog/co-locating-workflow-state-with-your-data
48752948,1.326113,69.,23 points,,https://github.com/clidey/deptrust
48741654,0.960298,70.,141 points,,https://www.forbes.com/sites/suzannerowankelleher/2026/06/30/faa-supersonic-flight-no-boom/
48776525,2.20768,71.,115 points,,https://www.filfre.net/2026/07/the-life-and-times-of-maxis-part-1-simeverything/
48725093,1.048838,72.,95 points,,https://www.nature.com/articles/s41467-026-74235-1
48759634,1.611035,73.,660 points,,https://github.com/Chocobozzz/PeerTube
48766286,3.413618,74.,127 points,,https://growtheflowutah.org/laketracker/
48763035,1.327807,75.,527 points,,https://mathstodon.xyz/@iblech/116769502749142438
48739459,0.601593,76.,187 points,,https://blog.fsck.com/2026/06/15/Superpowers-6/
48739140,0.941608,77.,34 points,,https://tratt.net/laurie/blog/2026/local_reasoning_for_global_properties.html
48765607,4.093628,78.,119 points,,https://github.com/segaboy/vulkan-netbsd
48755075,1.503536,79.,94 points,,https://magik.net/librecad/
48761944,3.081633,80.,607 points,,https://github.com/immich-app/immich/discussions/29439
48776232,0.608741,81.,177 points,,https://12gramsofcarbon.com/p/agentics-memorizing-session-transcripts
48768992,0.540159,82.,398 points,,https://scottaaronson.blog/?p=9902
48762372,1.00109,83.,88 points,,https://apple.github.io/foundationdb/flow.html
48758048,1.709214,84.,280 points,,https://davidbessis.substack.com/p/the-fall-of-the-theorem-economy
48772443,0.909085,85.,324 points,,https://www.reuters.com/world/china/alibaba-ban-claude-code-workplace-over-alleged-backdoor-risks-source-says-2026-07-03/
48762098,1.164286,86.,629 points,,https://blog.podman.io/2026/07/introducing-podman-v6-0-0/
48766005,1.056234,87.,158 points,,https://github.com/HUANGCHIHHUNGLeo/claude-real-video
48775483,1.025397,88.,23 points,,https://promptowl.ai/resources/persistent-memory-ai-agents/
48778607,0.717537,89.,10 points,,https://www.opbox.dev/
48780915,1.506445,90.,8 points,,https://www.uni-wuerzburg.de/en/news-and-events/news/detail/news/ameisen-kolonie-verletzte-pflegt/
48777790,0.811985,151.,7 points,,https://contextify.sh/
48755005,1.059396,152.,472 points,,https://makerspet.com/blog/building-an-open-source-robot-vacuum-meet-oomwoo/
48711052,0.797513,153.,266 points,,https://phys.org/news/2026-06-newly-australian-ballista-spider-snare.html
48781539,1.036682,154.,22 points,,https://www.defenseone.com/ideas/2017/06/i-could-kill-you-consumer-drone/139012/
48743362,2.330957,155.,44 points,,https://dfarq.homeip.net/apricot-computers-an-underrated-british-brand/
48769064,1.437985,156.,29 points,,https://github.com/alex-w-developer/GetBlocked
48775499,0.666604,157.,74 points,,https://www.science.org/content/article/instead-banning-ai-i-made-classroom-contract-my-students
48783074,1.391488,158.,4 points,,https://rokhannausa.substack.com/p/why-i-support-a-billionaire-wealth
48672848,0.69109,159.,200 points,,https://hypertalking.com/2023/05/15/1-bit-pixel-art-emojis/
48766297,>3,160.,47 points,,https://www.sdcard.org/developers/sd-standard-overview/sdio-isdio/wireless-lan-sd/
48781434,1.910918,161.,18 points,,https://daringfireball.net/2026/07/claudes_criminally_bad_mac_app_is_an_inside_job
48746752,3.274073,162.,56 points,Launch HN: Parsewise (YC P25) – Reason Across Documents with an API,https://news.ycombinator.com/item?id=48746752
48775651,1.702697,163.,7 points,,https://masterpoint.io/blog/using-opentofu-exclude-flag-isolate-performance-bottlenecks/
48733642,1.184784,164.,14 points,,https://github.com/cloudcell/om-core
48720728,0.912104,165.,24 points,,https://huntersoftwareconsulting.com/posts/2026-06-28-company-phase-changes/
48768336,1.9735,166.,121 points,,https://www.dailymail.com/news/article-15943905/Mystery-identity-Green-Boots-climber-macabre-landmark-frozen-ice-dying-Everest-finally-solved-DNA-test.html
48724608,0.922591,167.,24 points,,https://www.bkurtz.io/posts/macvdmtool/
48754080,2.490827,168.,123 points,,https://underhanded-c.org/
48777016,0.874747,169.,5 points,,https://originmap.sunnyguha.com/
48775412,0.853461,170.,6 points,,https://www.owlposting.com/p/heuristics-for-lab-robotics-and-where
48774454,0.960101,171.,236 points,,https://eshumarneedi.com/2026/07/03/zuckerberg-admits-metas-layoffs-were.html
48748518,1.390517,172.,182 points,,https://probelab.io/blog/optimistic-provide/
48763462,1.663677,173.,65 points,,https://github.com/ctxrs/ctx
48761294,1.139556,174.,106 points,,https://freegraphpaper.net/
48747116,>3,175.,445 points,,"https://hydrogenaudio.org/index.php/topic,129691.0.html"
48766598,0.734127,176.,82 points,,http://www.lmdb.tech/doc/
48744518,0.613061,177.,571 points,,https://asahilinux.org/2026/06/progress-report-7-1/
48778675,2.549268,178.,5 points,,https://stillup.to/
48776345,0.053823,179.,221 points,,https://arxiv.org/abs/2602.20415
48782034,0.208117,180.,6 points,,https://ladybird.org/newsletter/2026-06-30/
48783117,1.147246,1.,141 points,,https://blog.mikebowler.ca/2026/07/03/co2-and-decision-making/
48782671,1.351623,2.,74 points,,https://danluu.com/ai-coding/#appendix-agentic-loops-and-writing-this-post
48783117,3.258195,1.,141 points,,https://blog.mikebowler.ca/2026/07/03/co2-and-decision-making/
48782671,3.550226,2.,74 points,,https://danluu.com/ai-coding/#appendix-agentic-loops-and-writing-this-post
48780417,>3,3.,230 points,,https://www.wafer.ai/blog/glm52-amd

48780801,>3,4.,214 points,,https://mistral.ai/news/leanstral-1-5/
f-environment-science-and-economy/giant-trees-have-no-trouble-pumping-water-to-top-branches/
48780870,1.923278,5.,191 points,,https://news.exeter.ac.uk/faculty-of-environment-science-and-economy/giant-trees-have-no-trouble-pumping-water-to-top-branches/
48782219,>3,7.,76 points,,https://surfingcomplexity.blog/2026/07/03/synthesis-is-harder-than-analysis/
48739018,1.492094,6.,55 points,,https://mirtitles.org
48782219,>3,7.,76 points,,https://surfingcomplexity.blog/2026/07/03/synthesis-is-harder-than-analysis/
48780865,1.920277,8.,130 points,,https://github.com/FossPrime/Steam-Controller-Auto-Charge
48781688,>3,9.,80 points,,https://mrbruh.com/msicenter/
ng/searxng
48779454,3.138431,10.,206 points,,https://github.com/searxng/searxng

48782435,>3,11.,56 points,,https://www.marginalia.nu/log/a_135_learn/

48778757,>3,12.,133 points,,https://crocidb.com/post/freebsd-ate-my-ram/
nvented-the-fire-department/
48780913,>3,13.,88 points,,https://worksinprogress.co/issue/how-amsterdam-invented-the-fire-department/

48745855,2.570215,14.,9 points,,https://www.databricks.com/blog/lakebase-ltap-rethinking-database-storage
48781196,>3,15.,134 points,,https://katamari64.se/posts/2026/odin-wikipedia/
48775921,3.27979,16.,334 points,,https://github.com/jamesob/local-llm
al-guide-to-threat-models/
48749868,1.363117,18.,12 points,,https://github.com/adam-s/car-diagnosis
guide-to-threat-models/
48749868,1.867873,18.,12 points,,https://github.com/adam-s/car-diagnosis
48780056,0.902579,19.,95 points,,https://epoch.ai/data-insights/cve-severity-spike
48782918,>3,20.,66 points,,https://www.dabeaz.com/courses.html
ve-severity-spike
48735811,1.647697,21.,17 points,,https://davidslv.uk/2026/06/30/reading-binary-in-ruby.html
48735811,1.730432,21.,17 points,,https://davidslv.uk/2026/06/30/reading-binary-in-ruby.html
48779723,2.18518,22.,105 points,,https://math.ucr.edu/home/baez/act_course/index.html
48779723,2.108522,22.,105 points,,https://math.ucr.edu/home/baez/act_course/index.html
48776044,>3,23.,395 points,,https://phenomenalworld.org/analysis/the-anti-amazon/
48776044,>3,23.,395 points,,https://phenomenalworld.org/analysis/the-anti-amazon/
48739682,>3,24.,64 points,,https://blog.archive.org/2026/04/23/gone-but-not-forgotten-recovering-the-dead-web/
48739682,>3,24.,64 points,,https://blog.archive.org/2026/04/23/gone-but-not-forgotten-recovering-the-dead-web/
48742566,5.62612,25.,8 points,,https://news.ku.edu/news/article/study-reveals-what-people-really-see-when-they-read-lips
48742566,5.601031,25.,8 points,,https://news.ku.edu/news/article/study-reveals-what-people-really-see-when-they-read-lips
48776035,>3,26.,240 points,,https://interconnected.org/home/2026/07/03/factories
48776035,>3,26.,240 points,,https://interconnected.org/home/2026/07/03/factories
48779906,>3,27.,0 points,,https://news.ycombinator.com/from?site=ycombinator.com
48779683,2.473403,28.,359 points,,https://citizenlab.ca/research/member-of-committee-investigating-spyware-hacked-with-pegasus/
48730953,1.02606,29.,205 points,,https://ubuntu.com/blog/hunting-a-16-year-old-sqlite-bug-with-tla-is-dqlite-affected

48772573,0.904283,30.,295 points,,https://wordgard.net/
48772573,0.730753,30.,295 points,,https://wordgard.net/
48750710,>3,181.,419 points,,https://blog.demofox.org/2026/07/01/what-to-learn-to-be-a-graphics-programmer/
48750803,>3,182.,121 points,,https://thisismodest.com/vimscoops/
48688685,>3,183.,168 points,,https://www.ti.com/product/MSPM0C1104
48745590,>3,184.,49 points,,https://github.com/emson/claudoro
48781434,1.351291,185.,19 points,,https://daringfireball.net/2026/07/claudes_criminally_bad_mac_app_is_an_inside_job
48759838,2.344432,186.,34 points,,https://jonno.nz/posts/your-show-hn-dies-in-7-hours/
48776345,1.359269,187.,222 points,,https://arxiv.org/abs/2602.20415
48770133,1.812452,188.,33 points,,https://www.openui.com
48766124,1.230158,189.,37 points,,https://aasnova.org/2026/07/01/a-new-catalog-of-stellar-rotation-periods-for-over-a-million-stars/
48778675,>3,190.,5 points,,https://stillup.to/
48729404,>3,191.,25 points,,https://gitstock.org/
48723102,>3,192.,92 points,,https://www.bigmessowires.com/2021/11/12/the-amazing-disk-ii-controller-card/
48778462,3.712127,193.,4 points,,https://www.hammerdb.com/blog/uncategorized/hammerdb-v6-0-response-times-percentiles-and-reservoir-sampling/
48759761,2.583917,194.,231 points,,https://voidzero.dev/posts/announcing-vite-plus-beta
48736605,>3,195.,1259 points,,https://www.anthropic.com/news/claude-sonnet-5
48745445,1.71737,196.,517 points,,https://box2d.org/posts/2026/06/announcing-box3d/
48768278,2.063547,197.,28 points,,https://smolmachines.com/
48774256,1.35437,198.,8 points,,https://www.buoyant.io/blog/the-sre-guide-to-kubernetes-observability-red-vs-use-methods
48706825,1.22544,199.,58 points,,https://victoriametrics.com/blog/victorialogs-internals-columnar-storage-on-disk/index.html
48721903,1.086985,200.,1187 points,,https://quesma.com/blog/qwen-36-is-awesome/
48775800,1.645389,201.,45 points,,https://leaddev.com/ai/ai-coding-is-addictive-engineers-are-paying-the-price
48760669,>3,202.,210 points,,https://www.rfi.fr/en/international-news/20260702-germany-s-infineon-opens-major-chip-plant-as-eu-seeks-tech-autonomy
48754700,4.566596,203.,90 points,,https://developer.chrome.com/blog/usermedia-html-element
48775484,>3,204.,7 points,,https://taskpeace.com/
48780999,>3,205.,11 points,,https://www.404media.co/apple-hide-my-email-vulnerability-reveals-peoples-real-email-addresses/
48777692,2.624021,206.,4 points,,https://research.colfax-intl.com/flashattention-4-algorithm-and-kernel-pipelining-co-design-for-asymmetric-hardware-scaling/
48747976,>3,207.,240 points,Ask HN: Who is hiring? (July 2026),https://news.ycombinator.com/item?id=48747976
48761096,1.392562,208.,36 points,,https://github.com/valmishq/valmis
48777612,0.49837,209.,9 points,,https://www.minid.net/2026/7/3/the-one-person-company-fantasy
48753524,1.08097,210.,105 points,,https://www.astralcodexten.com/p/chip-off-the-old-block
48776288,>3,241.,5 points,,https://theguptalog.blogspot.com/2026/07/anthropic-wants-to-develop-its-own-drugs.html
48750989,2.81551,242.,232 points,,https://www.weaverobotics.com/isaac-1
48752030,1.354585,243.,407 points,,https://twitter.com/claudeai/status/2072402636813607381
48748182,0.679735,244.,52 points,,https://golemui.com
48753979,>3,245.,230 points,,https://blog.google/innovation-and-ai/technology/safety-security/opening-up-zero-knowledge-proof-technology-to-promote-privacy-in-age-assurance/
48750373,2.554461,246.,74 points,,https://www.researchgate.net/publication/353058947_Global_regional_and_national_burden_of_mortality_associated_with_non-optimal_ambient_temperatures_from_2000_to_2019_a_three-stage_modelling_study
48728599,1.485032,247.,97 points,,https://marcin.juszkiewicz.com.pl/2026/06/26/the-end-of-the-aarch64-desktop-experiment/
48720186,3.033731,248.,215 points,,https://github.com/LinuxMD/linuxmd
48780754,>3,249.,24 points,,https://isaaclyman.com/blog/posts/coding-without-ai/
48779223,3.144223,250.,8 points,,https://arstechnica.com/gadgets/2026/07/250-used-to-get-you-a-lifetime-plex-pass-now-you-get-a-five-year-subscription/
48754155,2.815317,251.,151 points,,https://news.cuanschutz.edu/news-stories/healthy-but-sedentary-individuals-show-early-decline-in-cellular-energy-production
48710770,2.352138,252.,122 points,,https://verdagon.dev/blog/ante-blending-borrowing-rc
48683098,>3,253.,673 points,,https://opensourcelowtech.org/
48744606,>3,254.,294 points,,https://easyoptouts.com/guides/apple-hide-my-email-is-leaking-email-addresses
48739466,1.750295,255.,188 points,,https://ai.meta.com/blog/brain2qwerty-brain-ai-human-communication/?_fb_noscript=1
48702917,1.71259,256.,105 points,,https://louwrentius.com/i-build-a-10-inch-mini-rack-from-aluminium-extrusions.html
48768997,1.887371,257.,152 points,,https://forms.cloud.microsoft/pages/responsepage.aspx?id=v4j5cvGGr0GRqy180BHbR6G-c11n8yFDlQmk4B-QjDxUQkdTTjZLU0EyTFFRV1E3NVRTVTRTWjRHMy4u&route=shorturl
48781173,>3,258.,8 points,,https://www.asahi.com/ajw/articles/16534412
48782890,>3,259.,22 points,,https://www.hyperstitionai.com/unslop-results
48768421,1.464348,260.,16 points,,https://geospoof.com/
48775562,>3,261.,17 points,How many failed startups have you launched?,https://news.ycombinator.com/item?id=48775562
48665958,3.441083,262.,151 points,,https://nickcarr.com/scouting-a-decommissioned-nuclear-power-plant/
48763856,3.074346,263.,45 points,,https://github.com/nooga/legmacs
48773907,>3,264.,35 points,,https://www.theverge.com/science/960563/amazon-leo-service-tipping-point
48777130,>3,265.,14 points,,https://www.cnbc.com/2026/07/02/tesla-tsla-q2-2026-vehicle-delivery-production.html
48747975,>3,266.,146 points,Ask HN: Who wants to be hired? (July 2026),https://news.ycombinator.com/item?id=48747975
48718716,>3,267.,92 points,,https://www.buraksen.dev/articles/internals-of-postgresql-db-cluster-and-tables
48750000,>3,268.,65 points,,https://wasm.chdb.io/
48724995,0.623215,269.,124 points,,https://reclaimthenet.org/googles-new-recaptcha-wants-your-camera-access-and-21-points-of-your-hand
48724230,2.300754,270.,676 points,,https://hccf.onmy.cloud/2026/06/21/reclaiming-our-digital-selves-hccfs-vision-for-a-human-centered-top-level-domain/
48775314,0.402895,211.,5 points,,https://arxiv.org/abs/2607.01308
48780387,>3,212.,17 points,,https://www.gamesindustry.biz/eve-onlines-carbon-engine-is-now-open-source-fenris-creations-explains-why
48781757,>3,213.,7 points,,https://www.foreignaffairs.com/united-states/military-and-republic-charles-q-brown
48781756,>3,214.,4 points,,https://www.wsj.com/business/white-line-road-invention-america-250-8ce6bb89
48742483,1.800617,215.,177 points,,https://www.conception.bio/science-and-updates/the-first-early-human-eggs-from-stem-cells
48745113,>3,216.,558 points,,https://mynintendonews.com/2026/06/26/nintendo-has-raised-its-employees-base-salary-by-10/
48739792,>3,217.,38 points,Ask HN: Since when does Craigslist's front page have emojis?,https://news.ycombinator.com/item?id=48739792
48747389,2.614443,218.,628 points,,https://reclaimthenet.org/sony-deletes-551-studiocanal-movies-playstation-owners-paid-for
48746914,2.250025,219.,348 points,,https://blog.cloudflare.com/monetization-gateway/
48746076,>3,220.,332 points,,https://ciechanow.ski/internal-combustion-engine/
48777189,1.151443,221.,6 points,,https://bricolage.io/essential-until-it-wasnt/
48777158,2.030996,222.,8 points,,https://posthog.com/blog/why-we-rebuilt-our-data-warehouse
48780033,3.15234,223.,11 points,,https://www.seangoedecke.com/ai-inference-is-obviously-profitable/
48763595,>3,224.,34 points,,https://brave.com/blog/containers/
48726792,6.063558,225.,29 points,,https://www.microsoft.com/en-us/research/blog/memora-a-harmonic-memory-representation-balancing-abstraction-and-specificity/
48774429,3.156979,226.,62 points,,https://docs.cloud.google.com/gemini/docs/code-review/review-repo-code
48776908,0.898892,227.,4 points,,https://isonomiaquarterly.com/wp-content/uploads/2025/11/goodman-pfwo.pdf
48779898,>3,228.,14 points,,https://www.businessinsider.com/meta-ai-model-catches-up-openai-gpt-5-says-2026-7
48776876,>3,229.,6 points,,https://www.pangram.com/blog/joe-stech-information-theory-why-ai-writing-sucks
48731989,2.128933,230.,193 points,,https://www.gutenberg.org/ebooks/24518
48783074,>3,231.,4 points,,https://rokhannausa.substack.com/p/why-i-support-a-billionaire-wealth
48748951,>3,232.,69 points,,https://devz.cl/posts/solid-never-felt-solid/
48778355,1.610667,233.,19 points,,https://noyb.eu/sites/default/files/2026-06/Letter_noyb_EU-US_data_transfers.pdf
48730713,1.332528,234.,162 points,,https://vosen.github.io/ZLUDA/blog/zluda-update-q1q2-2026/
48682979,>3,235.,61 points,,https://smist08.wordpress.com/2026/06/25/linux-kills-strncpy/
48776412,1.308644,236.,3 points,,https://www.sysdig.com/blog/jadepuffer-agentic-ransomware-for-automated-database-extortion
48750527,1.205631,237.,101 points,,https://hanakai.org/blog/2026/06/30/hanami-3-0-in-full-bloom
48776391,>3,238.,3 points,,https://hackernews-reader.pages.dev/
48776390,>3,239.,4 points,,https://mailkite.dev/blog/amazon-ses-alternative/
48776386,1.390163,240.,3 points,,https://github.com/YuanpingSong/ultracodex
48739984,>3,151.,6 points,,https://dles.gg/reviews/nerdle
48743362,>3,152.,44 points,,https://dfarq.homeip.net/apricot-computers-an-underrated-british-brand/
48769064,3.81587,153.,29 points,,https://github.com/alex-w-developer/GetBlocked
48734380,>3,154.,22 points,,https://scottsumner.substack.com/p/the-beauty-of-tautologies
48780952,1.09959,155.,16 points,,https://techcrunch.com/2026/07/02/us-government-says-it-got-hacked-again/
48672848,1.628279,156.,200 points,,https://hypertalking.com/2023/05/15/1-bit-pixel-art-emojis/
48777962,2.540181,157.,5 points,,https://hachipoo.com/dockside-app
48746752,>3,158.,56 points,Launch HN: Parsewise (YC P25) – Reason Across Documents with an API,https://news.ycombinator.com/item?id=48746752
48779750,>3,159.,9 points,,https://howclankerareyou.com/
48766297,2.709039,160.,47 points,,https://www.sdcard.org/developers/sd-standard-overview/sdio-isdio/wireless-lan-sd/
48777790,5.794916,161.,7 points,,https://contextify.sh/
48783340,3.684091,162.,7 points,,https://digitalcourage.social/@echo_pbreyer/116860372306942641
48779632,>3,163.,6 points,,https://sparsethought.com/2026/07/03/benchmarking-as-data-activation/
48754080,>3,164.,123 points,,https://underhanded-c.org/
48748518,1.952062,165.,182 points,,https://probelab.io/blog/optimistic-provide/
48768336,>3,166.,121 points,,https://www.dailymail.com/news/article-15943905/Mystery-identity-Green-Boots-climber-macabre-landmark-frozen-ice-dying-Everest-finally-solved-DNA-test.html
48720728,1.881221,167.,24 points,,https://huntersoftwareconsulting.com/posts/2026-06-28-company-phase-changes/
48775499,0.679663,168.,74 points,,https://www.science.org/content/article/instead-banning-ai-i-made-classroom-contract-my-students
48724608,1.582078,169.,24 points,,https://www.bkurtz.io/posts/macvdmtool/
48733642,2.331497,170.,14 points,,https://github.com/cloudcell/om-core
48747116,>3,171.,445 points,,"https://hydrogenaudio.org/index.php/topic,129691.0.html"
48744518,4.770986,172.,571 points,,https://asahilinux.org/2026/06/progress-report-7-1/
48761294,>3,173.,106 points,,https://freegraphpaper.net/
48775651,1.3545,174.,7 points,,https://masterpoint.io/blog/using-opentofu-exclude-flag-isolate-performance-bottlenecks/
48781539,>3,175.,22 points,,https://www.defenseone.com/ideas/2017/06/i-could-kill-you-consumer-drone/139012/
48766598,1.232163,176.,82 points,,http://www.lmdb.tech/doc/
48774454,>3,177.,237 points,,https://eshumarneedi.com/2026/07/03/zuckerberg-admits-metas-layoffs-were.html
48775412,1.096126,178.,6 points,,https://www.owlposting.com/p/heuristics-for-lab-robotics-and-where
48777016,>3,179.,5 points,,https://originmap.sunnyguha.com/
48763462,1.317756,180.,65 points,,https://github.com/ctxrs/ctx
48735097,1.350681,31.,33 points,,https://github.com/rochus-keller/BUSY/
48777266,4.511487,32.,151 points,,https://www.fide.com/fide-ethics-disciplinary-commission-issues-a-decision-in-case-involving-gm-vladimir-kramnik/
48780812,>3,33.,53 points,,https://gitfut.com
48780826,1.545613,34.,34 points,,https://chenliu-1996.github.io/projects/LM-Dispersion/
48772388,>3,35.,1263 points,,https://weli.dev/blog/half-baked-product/
48699010,3.03155,36.,170 points,,https://lyra.horse/blog/2026/06/reddit-spam-internals/
48779977,>3,37.,149 points,,https://www.economist.com/middle-east-and-africa/2026/07/02/africans-are-turning-to-starlink
48771515,>3,38.,148 points,Ask HN: Is anyone experimenting with different ways of using LLMs for coding?,https://news.ycombinator.com/item?id=48771515
48780996,3.01901,39.,74 points,,https://www.engineering.columbia.edu/about/news/circuit-lets-your-brain-think-and-see
48780224,>3,40.,89 points,,https://fazamhd.com/mental-models/software/
48774518,>3,41.,555 points,,https://www.gamingonlinux.com/2026/07/valve-open-source-the-steam-machine-e-ink-screen-so-you-can-make-your-own/
48777144,2.119629,42.,56 points,,https://github.com/kerlenton/mcpsnoop
48781274,2.751159,43.,21 points,,https://news.exeter.ac.uk/faculty-of-environment-science-and-economy/scientists-discover-guidance-system-for-migratory-songbirds/
48766242,2.540565,44.,121 points,,https://github.com/flythenimbus/bramble
48777728,>3,45.,192 points,,https://inpreparation.substack.com/p/opinion-i-was-not-allowed-to-type
48774509,1.883861,46.,168 points,,https://www.ubicloud.com/blog/postgresql-and-the-oom-killer-why-we-use-strict-memory-overcommit
48744546,1.26492,47.,30 points,,https://encore.dev/blog/redis-runtime
48776464,1.673047,48.,265 points,,https://github.com/teamchong/pxpipe
48777832,2.408967,49.,216 points,,https://xkcd.com/3266/large/
48693428,>3,50.,156 points,,https://js13kgames.com/games/q1k3
48774492,1.071578,51.,143 points,,https://www.construction-physics.com/p/the-fall-and-rise-of-screwworm
48768951,>3,52.,514 points,,https://righttointelligence.org/
48775949,>3,53.,81 points,,https://dannorth.net/blog/best-simple-system-for-now/
48781199,>3,54.,11 points,,https://transamtrail.com/plan/
48746695,2.539141,55.,14 points,,https://mighil.com/notes-from-building-tinkerfont
48772717,>3,56.,68 points,,https://thombrown.blogspot.com/2026/07/load-plcbmbasic81-commodore-64-basic.html
48755965,1.180011,57.,1687 points,,https://f-droid.org/2026/07/01/adv-malware.html
48766026,2.251867,58.,192 points,,https://blog.okturtles.org/2026/07/short-leash-ai-method/
48754326,0.484034,59.,12 points,,https://twitter.com/i/status/2071469740141224272
48774368,0.258555,60.,50 points,,https://arxiv.org/abs/2607.02512
48738244,>3,121.,24 points,,https://morethanmoore.substack.com/p/q-and-a-with-microns-vp-and-gm-of
48779933,1.488789,122.,11 points,,https://github.com/colwill/ccc
48667568,>3,123.,88 points,,https://petapixel.com/2026/06/24/a-special-wireless-free-nikon-camera-is-publicly-available-for-the-first-time/
48780815,2.080651,124.,23 points,,https://www.theregister.com/personal-tech/2026/07/03/david-potter-the-man-who-put-psion-in-the-palm-of-your-hand-logs-off-at-82/5266624
48763246,>3,125.,69 points,,https://zk.golf/
48759870,>3,126.,375 points,,https://mathstodon.xyz/@mjd/115096720350507897
48763222,2.363263,127.,72 points,,https://kendal.codeberg.page/inkwell/
48745118,2.113443,128.,54 points,,https://engineering.zalando.com/posts/2026/06/client-side-load-balancing.html?v=2](https://engineering.zalando.com/posts/2026/06/client-side-load-balancing.html
48781228,4.21116,129.,18 points,,https://techcrunch.com/2026/07/01/after-18b-ipo-bending-spoons-founder-says-success-comes-from-minimizing-luck/
48767347,>3,130.,941 points,,https://www.hunton.com/privacy-and-cybersecurity-law-blog/virginia-bans-sale-of-geolocation-data
48732860,1.848609,131.,175 points,,https://www.science.org/content/article/how-do-wombats-poop-cubes-scientists-get-bottom-mystery
48761229,>3,132.,490 points,,https://www.thebignewsletter.com/p/crime-pays-the-egg-bandits-made-a
48728334,2.067583,133.,7 points,,https://www.theideasletter.org/essay/closer-to-rude-than-snide/
48756602,3.233203,134.,415 points,,https://github.blog/changelog/2026-07-01-kimi-k2-7-is-now-available-in-github-copilot/
48782034,2.572748,135.,8 points,,https://ladybird.org/newsletter/2026-06-30/
48714884,>3,136.,140 points,,https://fabiensanglard.net/keyboards/index.html
48765830,2.489079,137.,68 points,,https://openjdk.org/jeps/539
48741748,1.970454,138.,297 points,,https://blog.arxiv.org/2026/06/30/arxivs-next-chapter/
48774704,1.363027,139.,89 points,,https://www.theregister.com/security/2026/07/02/hackers-shoveled-snow-for-company-were-rewarded-with-network-admin-access/5265240
48724127,1.44972,140.,109 points,,https://www.mixedbread.com/blog/asymmetric-quant
48745456,>3,141.,781 points,,https://blog.playstation.com/2026/07/01/physical-disc-production-ending-in-january-2028-for-new-games-releasing-on-playstation-consoles/
48753715,4.799198,142.,505 points,,https://zcode.z.ai/en
48778971,1.81766,143.,16 points,,https://github.com/afspies/ClawdMoji
48704289,1.350459,144.,414 points,,https://karolina.mgdubiel.com/drone/
48782694,>3,145.,4 points,,https://www.washingtonpost.com/history/2026/07/03/what-1976-washington-post-prediction-said-about-2026/
48768374,>3,146.,41 points,,https://krebsonsecurity.com/2026/07/fbi-seizes-netnut-proxy-platform-popa-botnet/
48710537,1.046855,147.,85 points,,https://bednars.me/blog/winpe-harness
48762038,1.282133,148.,90 points,,https://github.com/rafal-qa/slopo
48711052,1.807793,149.,266 points,,https://phys.org/news/2026-06-newly-australian-ballista-spider-snare.html
48755005,1.826785,150.,473 points,,https://makerspet.com/blog/building-an-open-source-robot-vacuum-meet-oomwoo/
48769639,2.355539,91.,262 points,,https://webkit.org/blog/18136/introducing-the-safari-mcp-server-for-web-developers/
48768464,5.325058,92.,384 points,,https://github.com/FractalFir/crustc
48775483,>3,93.,23 points,,https://promptowl.ai/resources/persistent-memory-ai-agents/
48755928,>3,94.,180 points,,https://senior-swe-bench.snorkel.ai/
48778607,>3,95.,10 points,,https://www.opbox.dev/
48760490,3.543844,96.,148 points,,https://nsa.2026.action.cr.yp.to
48766209,4.067757,97.,149 points,,https://www.eff.org/deeplinks/2026/06/eff-and-allies-xs-ftc-petition-waive-privacy-violation-order-should-be-rejected
48763790,3.746417,98.,133 points,,https://people.xiph.org/~xiphmont/demo/neil-young.html#toc_wd2bm
48778031,>3,99.,115 points,,https://apnews.com/article/california-farmer-nectarines-lawsuit-patent-4f7bc8ab185e8b9cbdd6d6ad4f2aabd1
48762725,>3,100.,722 points,,https://clashreport.com/world/articles/spain-orders-blacklist-of-us-tech-giant-palantir-from-public-and-private-companies-fsnc2z17gjv
48780915,3.267531,101.,8 points,,https://www.uni-wuerzburg.de/en/news-and-events/news/detail/news/ameisen-kolonie-verletzte-pflegt/
48702874,4.213592,102.,362 points,,https://johnsalvatier.org/blog/2017/reality-has-a-surprising-amount-of-detail
48762862,>3,103.,108 points,,https://manufact.com
48778955,2.003468,104.,8 points,,https://github.com/anuragmerndev/kontext-ai
48740971,>3,105.,303 points,,https://aakash.substack.com/p/why-jet-engines-arent-made-in-china
48770477,1.042601,106.,79 points,,https://manticoresearch.com/blog/onnx-embeddings-speedup/
48763291,1.991911,107.,107 points,,https://lwn.net/SubscriberLink/1079001/67840550991151ed/
48755731,1.920703,108.,579 points,,https://tedium.co/2026/07/01/online-web-forums-retrospective/
48765663,>3,109.,326 points,,https://www.zachtronics.com/exapunks/
48740771,2.532644,110.,968 points,,https://twitter.com/AnthropicAI/status/2072106151890809341
48760201,>3,111.,150 points,,https://arxiv.org/abs/2607.01232
48747304,0.915986,112.,946 points,,https://www.quantamagazine.org/for-the-first-time-a-cell-built-from-scratch-grows-and-divides-20260701/
48761536,>3,113.,394 points,,https://japannews.yomiuri.co.jp/science-nature/technology/20260306-314930/
48761118,>3,114.,514 points,,https://pradyuprasad.com/writings/how-to-ask-for-help/
48781103,1.47849,115.,28 points,,https://www.nakedcapitalism.com/2026/07/the-uks-latest-debanking-scandal-should-give-everyone-pause.html
48734373,>3,116.,2432 points,,https://thereallo.dev/blog/claude-code-prompt-steganography
48756840,>3,117.,167 points,,https://cursor.com/evals
48779182,>3,118.,8 points,,https://blogsreader.com
48750402,0.809511,119.,60 points,,https://try.piecesof.me/
48777610,2.41813,120.,12 points,,https://velxio.dev/about/
48769397,>3,61.,557 points,,https://www.caseyliss.com/2026/7/2/carplay-is-additive-you-dolts
48725857,4.029503,62.,88 points,,https://iinteractive.com/resources/blog/read-only
48783253,>3,63.,6 points,,https://www.technologyreview.com/2026/07/03/1140148/a-device-that-revives-eyeballs-from-dead-donors-could-make-eye-transplants-possible/
48782234,0.590244,64.,3 points,,https://arxiv.org/abs/2604.25191
48780858,1.629196,65.,11 points,,https://github.com/regolo-ai/brick-SR1
48765639,2.323655,66.,217 points,,https://www.dbos.dev/blog/co-locating-workflow-state-with-your-data
48781250,2.758544,67.,7 points,,https://www.esa.int/Science_Exploration/Space_Science/XMM-Newton/XMM-Newton_helps_revise_distance_to_outer_spiral_arms
48725093,>3,68.,96 points,,https://www.nature.com/articles/s41467-026-74235-1
48775979,>3,69.,125 points,,https://www.derekthompson.org/p/america-1926-an-absurdly-deep-dive
48741654,>3,70.,141 points,,https://www.forbes.com/sites/suzannerowankelleher/2026/06/30/faa-supersonic-flight-no-boom/
48752948,2.410319,71.,23 points,,https://github.com/clidey/deptrust
48776525,2.920739,72.,117 points,,https://www.filfre.net/2026/07/the-life-and-times-of-maxis-part-1-simeverything/
48779352,4.14842,73.,62 points,,https://kagi.com/changelog#10959
48732870,1.811387,74.,90 points,,https://ambrook.com/offrange/perspective/how-we-lost-our-oats
48759634,1.775259,75.,662 points,,https://github.com/Chocobozzz/PeerTube
48763035,>3,76.,527 points,,https://mathstodon.xyz/@iblech/116769502749142438
48766286,2.469777,77.,127 points,,https://growtheflowutah.org/laketracker/
48739459,>3,78.,187 points,,https://blog.fsck.com/2026/06/15/Superpowers-6/
48765607,1.96213,79.,119 points,,https://github.com/segaboy/vulkan-netbsd
48761944,6.061572,80.,611 points,,https://github.com/immich-app/immich/discussions/29439
48755075,1.668535,81.,94 points,,https://magik.net/librecad/
48758048,>3,82.,280 points,,https://davidbessis.substack.com/p/the-fall-of-the-theorem-economy
48768992,>3,83.,400 points,,https://scottaaronson.blog/?p=9902
48762098,>3,84.,629 points,,https://blog.podman.io/2026/07/introducing-podman-v6-0-0/
48762372,0.887605,85.,88 points,,https://apple.github.io/foundationdb/flow.html
48739140,1.325613,86.,34 points,,https://tratt.net/laurie/blog/2026/local_reasoning_for_global_properties.html
48766005,1.277187,87.,160 points,,https://github.com/HUANGCHIHHUNGLeo/claude-real-video
48772443,>3,88.,327 points,,https://www.reuters.com/world/china/alibaba-ban-claude-code-workplace-over-alleged-backdoor-risks-source-says-2026-07-03/
48702006,>3,89.,158 points,,https://www.smithsonianmag.com/smithsonian-institution/how-one-german-button-maker-searched-the-rivers-of-the-american-midwest-for-the-shells-that-could-make-him-a-fortune-180989012/
48776232,>3,90.,177 points,,https://12gramsofcarbon.com/p/agentics-memorizing-session-transcripts
